﻿Page,Location,Text,Update
404.html,Nav,href=index.html | text=,
404.html,Link,href=index.html | text=Homepage,
404.html,Link,href=services.html | text=Services,
404.html,Link,href=service_detail.html | text=Service Details,
404.html,Link,href=get-started.html | text=Get Started,
404.html,Link,href=about.html | text=About Us,
404.html,Link,href=team.html | text=Team,
404.html,Link,href=contact.html | text=Contact Us,
404.html,Link,href=faq.html | text=FAQs,
404.html,Link,href=image-review.html | text=Image Upload,
404.html,Link,href=get-started.html | text=New Providers,
404.html,Link,href=provider-portal.html | text=Provider Portal,
404.html,Link,href=provider-portal.html | text=Login,
404.html,Link,href=get-started.html | text=Get Started,
404.html,Link,href=index.html | text=Back To Home,
about.html,Nav,href=index.html | text=,
about.html,Link,href=index.html | text=Homepage,
about.html,Link,href=services.html | text=Services,
about.html,Link,href=service_detail.html | text=Service Details,
about.html,Link,href=get-started.html | text=Get Started,
about.html,Link,href=about.html | text=About Us,
about.html,Link,href=team.html | text=Team,
about.html,Link,href=contact.html | text=Contact Us,
about.html,Link,href=faq.html | text=FAQs,
about.html,Link,href=image-review.html | text=Image Upload,
about.html,Link,href=get-started.html | text=New Providers,
about.html,Link,href=provider-portal.html | text=Provider Portal,
about.html,Link,href=provider-portal.html | text=Login,
about.html,Link,href=get-started.html | text=Get Started,
blog.html,Nav,href=index.html | text=,
blog.html,Link,href=index.html | text=Homepage,
blog.html,Link,href=services.html | text=Services,
blog.html,Link,href=service_detail.html | text=Service Details,
blog.html,Link,href=get-started.html | text=Get Started,
blog.html,Link,href=about.html | text=About Us,
blog.html,Link,href=team.html | text=Team,
blog.html,Link,href=contact.html | text=Contact Us,
blog.html,Link,href=faq.html | text=FAQs,
blog.html,Link,href=image-review.html | text=Image Upload,
blog.html,Link,href=get-started.html | text=New Providers,
blog.html,Link,href=provider-portal.html | text=Provider Portal,
blog.html,Link,href=provider-portal.html | text=Login,
blog.html,Link,href=get-started.html | text=Get Started,
contact.html,Nav,href=index.html | text=,
contact.html,Link,href=index.html | text=Homepage,
contact.html,Link,href=services.html | text=Services,
contact.html,Link,href=service_detail.html | text=Service Details,
contact.html,Link,href=get-started.html | text=Get Started,
contact.html,Link,href=about.html | text=About Us,
contact.html,Link,href=team.html | text=Team,
contact.html,Link,href=contact.html | text=Contact Us,
contact.html,Link,href=faq.html | text=FAQs,
contact.html,Link,href=image-review.html | text=Image Upload,
contact.html,Link,href=get-started.html | text=New Providers,
contact.html,Link,href=provider-portal.html | text=Provider Portal,
contact.html,Link,href=provider-portal.html | text=Login,
contact.html,Link,href=get-started.html | text=Get Started,
faq.html,Nav,href=index.html | text=,
faq.html,Link,href=index.html | text=Homepage,
faq.html,Link,href=services.html | text=Services,
faq.html,Link,href=service_detail.html | text=Service Details,
faq.html,Link,href=get-started.html | text=Get Started,
faq.html,Link,href=about.html | text=About Us,
faq.html,Link,href=team.html | text=Team,
faq.html,Link,href=contact.html | text=Contact Us,
faq.html,Link,href=faq.html | text=FAQs,
faq.html,Link,href=image-review.html | text=Image Upload,
faq.html,Link,href=provider-portal.html | text=Login,
faq.html,Link,href=get-started.html | text=Get Started,
faq.html,Link,href=contact.html | text=Contact Us,
get-started.html,Nav,href=index.html | text=,
get-started.html,Link,href=index.html | text=Homepage,
get-started.html,Link,href=services.html | text=Services,
get-started.html,Link,href=service_detail.html | text=Service Details,
get-started.html,Link,href=get-started.html | text=Get Started,
get-started.html,Link,href=about.html | text=About Us,
get-started.html,Link,href=team.html | text=Team,
get-started.html,Link,href=contact.html | text=Contact Us,
get-started.html,Link,href=faq.html | text=FAQs,
get-started.html,Link,href=image-review.html | text=Image Upload,
get-started.html,Link,href=get-started.html | text=New Providers,
get-started.html,Link,href=provider-portal.html | text=Provider Portal,
get-started.html,Link,href=provider-portal.html | text=Login,
get-started.html,Link,href=get-started.html | text=Get Started,
image-review.html,Nav,href=index.html | text=,
image-review.html,Link,href=index.html | text=Homepage,
image-review.html,Link,href=services.html | text=Services,
image-review.html,Link,href=service_detail.html | text=Service Details,
image-review.html,Link,href=get-started.html | text=Get Started,
image-review.html,Link,href=about.html | text=About Us,
image-review.html,Link,href=team.html | text=Team,
image-review.html,Link,href=contact.html | text=Contact Us,
image-review.html,Link,href=faq.html | text=FAQs,
image-review.html,Link,href=image-review.html | text=Image Upload,
image-review.html,Link,href=get-started.html | text=New Providers,
image-review.html,Link,href=provider-portal.html | text=Provider Portal,
image-review.html,Link,href=provider-portal.html | text=Login,
image-review.html,Link,href=get-started.html | text=Get Started,
image-review.html,Link,href=index.html | text=Homepage,
image-review.html,Link,href=about.html | text=About Us,
image-review.html,Link,href=services.html | text=Services,
image-review.html,Link,href=contact.html | text=Contact Us,
image-review.html,Link,href=services.html | text=Custom Compounding,
image-review.html,Link,href=services.html | text=Sterile Formulations,
image-review.html,Link,href=provider-portal.html | text=Provider Portal,
image-review.html,Link,href=services.html | text=Secure Shipping,
index.html,Nav,href=index.html | text=,
index.html,Link,href=index.html | text=Homepage,
index.html,Link,href=services.html | text=Services,
index.html,Link,href=service_detail.html | text=Service Details,
index.html,Link,href=get-started.html | text=Get Started,
index.html,Link,href=about.html | text=About Us,
index.html,Link,href=team.html | text=Team,
index.html,Link,href=contact.html | text=Contact Us,
index.html,Link,href=faq.html | text=FAQs,
index.html,Link,href=image-review.html | text=Image Upload,
index.html,Link,href=get-started.html | text=New Providers,
index.html,Link,href=provider-portal.html | text=Provider Portal,
index.html,Link,href=provider-portal.html | text=Login,
index.html,Link,href=get-started.html | text=Get Started,
index.html,Link,href=provider-portal.html | text=Access Portal,
index.html,Link,href=contact.html | text=Contact Us,
index.html,Link,href=contact.html | text=Contact Us,
index.html,Nav,href=provider-portal.html | text=,
index.html,Link,href=faq.html | text=View All,
location.html,Nav,href=index.html | text=,
location.html,Link,href=index.html | text=Homepage,
location.html,Link,href=services.html | text=Services,
location.html,Link,href=service_detail.html | text=Service Details,
location.html,Link,href=get-started.html | text=Get Started,
location.html,Link,href=about.html | text=About Us,
location.html,Link,href=team.html | text=Team,
location.html,Link,href=contact.html | text=Contact Us,
location.html,Link,href=faq.html | text=FAQs,
location.html,Link,href=image-review.html | text=Image Upload,
location.html,Link,href=get-started.html | text=New Providers,
location.html,Link,href=provider-portal.html | text=Provider Portal,
location.html,Link,href=provider-portal.html | text=Login,
location.html,Link,href=get-started.html | text=Get Started,
member.html,Nav,href=index.html | text=,
member.html,Link,href=index.html | text=Homepage,
member.html,Link,href=services.html | text=Services,
member.html,Link,href=service_detail.html | text=Service Details,
member.html,Link,href=get-started.html | text=Get Started,
member.html,Link,href=about.html | text=About Us,
member.html,Link,href=team.html | text=Team,
member.html,Link,href=contact.html | text=Contact Us,
member.html,Link,href=faq.html | text=FAQs,
member.html,Link,href=image-review.html | text=Image Upload,
member.html,Link,href=get-started.html | text=New Providers,
member.html,Link,href=provider-portal.html | text=Provider Portal,
member.html,Link,href=provider-portal.html | text=Login,
member.html,Link,href=get-started.html | text=Get Started,
provider-portal.html,Link,href=index.html | text=← Back to Home,
service_detail.html,Nav,href=index.html | text=,
service_detail.html,Link,href=index.html | text=Homepage,
service_detail.html,Link,href=services.html | text=Services,
service_detail.html,Link,href=service_detail.html | text=Service Details,
service_detail.html,Link,href=get-started.html | text=Get Started,
service_detail.html,Link,href=about.html | text=About Us,
service_detail.html,Link,href=team.html | text=Team,
service_detail.html,Link,href=contact.html | text=Contact Us,
service_detail.html,Link,href=faq.html | text=FAQs,
service_detail.html,Link,href=image-review.html | text=Image Upload,
service_detail.html,Link,href=get-started.html | text=New Providers,
service_detail.html,Link,href=provider-portal.html | text=Provider Portal,
service_detail.html,Link,href=provider-portal.html | text=Login,
service_detail.html,Link,href=get-started.html | text=Get Started,
service_detail.html,Link,href=contact.html | text=Contact Us,
services.html,Nav,href=index.html | text=,
services.html,Link,href=index.html | text=Homepage,
services.html,Link,href=services.html | text=Services,
services.html,Link,href=service_detail.html | text=Service Details,
services.html,Link,href=get-started.html | text=Get Started,
services.html,Link,href=about.html | text=About Us,
services.html,Link,href=team.html | text=Team,
services.html,Link,href=contact.html | text=Contact Us,
services.html,Link,href=faq.html | text=FAQs,
services.html,Link,href=image-review.html | text=Image Upload,
services.html,Link,href=get-started.html | text=New Providers,
services.html,Link,href=provider-portal.html | text=Provider Portal,
services.html,Link,href=provider-portal.html | text=Login,
services.html,Link,href=get-started.html | text=Get Started,
services.html,Link,href=contact.html | text=Contact Us,
single_blog.html,Nav,href=index.html | text=,
single_blog.html,Link,href=index.html | text=Homepage,
single_blog.html,Link,href=services.html | text=Services,
single_blog.html,Link,href=service_detail.html | text=Service Details,
single_blog.html,Link,href=get-started.html | text=Get Started,
single_blog.html,Link,href=about.html | text=About Us,
single_blog.html,Link,href=team.html | text=Team,
single_blog.html,Link,href=contact.html | text=Contact Us,
single_blog.html,Link,href=faq.html | text=FAQs,
single_blog.html,Link,href=image-review.html | text=Image Upload,
single_blog.html,Link,href=get-started.html | text=New Providers,
single_blog.html,Link,href=provider-portal.html | text=Provider Portal,
single_blog.html,Link,href=provider-portal.html | text=Login,
single_blog.html,Link,href=get-started.html | text=Get Started,
team.html,Nav,href=index.html | text=,
team.html,Link,href=index.html | text=Homepage,
team.html,Link,href=services.html | text=Services,
team.html,Link,href=service_detail.html | text=Service Details,
team.html,Link,href=get-started.html | text=Get Started,
team.html,Link,href=about.html | text=About Us,
team.html,Link,href=team.html | text=Team,
team.html,Link,href=contact.html | text=Contact Us,
team.html,Link,href=faq.html | text=FAQs,
team.html,Link,href=image-review.html | text=Image Upload,
team.html,Link,href=get-started.html | text=New Providers,
team.html,Link,href=provider-portal.html | text=Provider Portal,
team.html,Link,href=provider-portal.html | text=Login,
team.html,Link,href=get-started.html | text=Get Started,
testimonial.html,Nav,href=index.html | text=,
testimonial.html,Link,href=index.html | text=Homepage,
testimonial.html,Link,href=services.html | text=Services,
testimonial.html,Link,href=service_detail.html | text=Service Details,
testimonial.html,Link,href=get-started.html | text=Get Started,
testimonial.html,Link,href=about.html | text=About Us,
testimonial.html,Link,href=team.html | text=Team,
testimonial.html,Link,href=contact.html | text=Contact Us,
testimonial.html,Link,href=faq.html | text=FAQs,
testimonial.html,Link,href=image-review.html | text=Image Upload,
testimonial.html,Link,href=get-started.html | text=New Providers,
testimonial.html,Link,href=provider-portal.html | text=Provider Portal,
testimonial.html,Link,href=provider-portal.html | text=Login,
testimonial.html,Link,href=get-started.html | text=Get Started,